<?xml version="1.0" encoding="UTF-8" ?>
<!DOCTYPE struts PUBLIC
    "-//Apache Software Foundation//DTD Struts Configuration 2.0//EN"
    "http://struts.apache.org/dtds/struts-2.0.dtd">
 
<struts>
    <constant name="struts.enable.DynamicMethodInvocation" value="false" />
    <constant name="struts.devMode" value="false" />
    <constant name="struts.custom.i18n.resources" value="myapp" />
 
    <package name="default" extends="struts-default" namespace="/">
        <action name="employee" class="com.mipk.struts2.action.EmployeeAction">
            <result name="success">/success.jsp</result>
    		<result name="input">/employee.jsp</result>
         	<result name="error">/error.jsp</result>
        </action>
    </package>
   
</struts>